{"count":1,"self":380.4792064,"total":1146.8931283,"children":{"InitializeActuators":{"count":6,"self":0.0019944999999999997,"total":0.0019944999999999997,"children":null},"InitializeSensors":{"count":6,"self":0.0029831,"total":0.0029831,"children":null},"AgentSendState":{"count":1247101,"self":9.9638359999999988,"total":21.7804385,"children":{"CollectObservations":{"count":236880,"self":0.74263419999999991,"total":0.74263419999999991,"children":null},"WriteActionMask":{"count":236880,"self":0.4381774,"total":0.4381774,"children":null},"RequestDecision":{"count":236880,"self":1.507569,"total":10.6357909,"children":{"AgentInfo.ToProto":{"count":236880,"self":1.4360302,"total":9.1282219,"children":{"GenerateSensorData":{"count":236880,"self":7.3247095999999994,"total":7.6921916999999995,"children":{"RayPerceptionSensor.Perceive":{"count":236880,"self":0.3674821,"total":0.3674821,"children":null}}}}}}}}},"DecideAction":{"count":1247101,"self":741.9085312,"total":741.9085232,"children":null},"AgentAct":{"count":1247101,"self":2.6006416,"total":2.7179952999999997,"children":{"AgentInfo.ToProto":{"count":2708,"self":0.018206899999999998,"total":0.11735369999999999,"children":{"GenerateSensorData":{"count":2708,"self":0.096087399999999989,"total":0.0991468,"children":{"RayPerceptionSensor.Perceive":{"count":2708,"self":0.0030594,"total":0.0030594,"children":null}}}}}}}},"gauges":{"GardenerAgent.CumulativeReward":{"count":2708,"max":13,"min":-23.9000244,"runningAverage":-17.0992775,"value":-14.00001,"weightedAverage":-16.22414}},"metadata":{"timer_format_version":"0.1.0","start_time_seconds":"1635004218","unity_version":"2021.1.6f1","command_line_arguments":"C:\\Program Files\\Unity\\Hub\\Editor\\2021.1.6f1\\Editor\\Unity.exe -projectpath C:\/Users\/klein\/Documents\/Unity_ML\/2DBasicsForML -useHub -hubIPC -cloudEnvironment production -hubSessionId e4eb4120-3253-11ec-866b-ab2326f6f9ae -accessToken amGluwV4DtmPPToP_y3cfjHXuvdkcQmDBgGbPgsvAuM008f","communication_protocol_version":"1.5.0","com.unity.ml-agents_version":"2.1.0-exp.1","scene_name":"Basics","end_time_seconds":"1635005365"}}